data,adresas,pasto_kodas,tipas,plotas_m2,kambariai,priklausiniai,kaina_eur,eur_m2,atstumas_m,latitude,longitude,sklypas
2023-02-22,48 RUE RAYER,44150.0,butas,154.0,4.0,1,325000.0,2110.0,0.0,47.365786,-1.17784,44003000BC0148
2024-05-06,139 RUE DU ROI ALBERT 1ER,44150.0,namas,79.0,3.0,0,245000.0,3101.0,53.0,47.36626,-1.177942,44003000BC0180
2025-12-29,14 RUE GEORGES CLEMENCEAU,44150.0,butas,48.0,2.0,1,74000.0,1542.0,59.0,47.366242,-1.178231,44003000BC0167
2025-11-27,65 RUE DU ROI ALBERT 1ER,44150.0,butas,50.0,2.0,2,95000.0,1900.0,68.0,47.366017,-1.177011,44003000BC0129
2023-05-15,65 RUE DU ROI ALBERT 1ER,44150.0,butas,56.0,2.0,2,145000.0,2589.0,68.0,47.366017,-1.177011,44003000BC0129
2023-10-23,65 RUE DU ROI ALBERT 1ER,44150.0,butas,58.0,2.0,2,110000.0,1897.0,68.0,47.366017,-1.177011,44003000BC0129
2025-11-28,64 RUE ARISTIDE BRIAND,44150.0,namas,178.0,4.0,0,275000.0,1545.0,86.0,47.365203,-1.178593,44003000AD0169
2025-07-17,17 RUE DU ROI ALBERT 1ER,44150.0,butas,94.0,4.0,0,198000.0,2106.0,112.0,47.366079,-1.17642,44003000BC0127
2025-07-23,40 RUE DE CHAROST,44150.0,butas,22.0,1.0,1,60000.0,2727.0,120.0,47.365542,-1.179395,44003000BE0065
2025-01-14,78 RUE DES QUAIS,44150.0,butas,40.0,2.0,0,61000.0,1525.0,127.0,47.365509,-1.176207,44003000BC0081
2025-02-21,31 IMP BAREME,44150.0,butas,29.0,2.0,1,95000.0,3276.0,132.0,47.366948,-1.178166,44003000BK0073
2025-05-27,75 RUE DES QUAIS,44150.0,namas,110.0,4.0,0,275000.0,2500.0,133.0,47.365262,-1.176262,44003000BC0095
2023-11-30,129 RUE SAINT PAUL,44150.0,butas,70.0,3.0,0,170000.0,2429.0,142.0,47.365494,-1.176003,44003000BC0077
2025-11-04,22 PL IENA,44150.0,namas,136.0,4.0,1,287000.0,2110.0,145.0,47.364629,-1.178719,44003000AD0159
2025-06-27,120 RUE GEORGES CLEMENCEAU,44150.0,namas,280.0,6.0,1,458495.0,1637.0,154.0,47.367154,-1.178144,44003000BK0070
2025-02-28,9002 RUE TARTIFUME,44150.0,namas,66.0,4.0,1,263750.0,3996.0,164.0,47.365513,-1.179978,44003000BE0060
2023-06-30,39 RUE DES QUAIS,44150.0,namas,90.0,4.0,0,218000.0,2422.0,167.0,47.365236,-1.175785,44003000BC0097
2023-04-20,34 RUE BASSE GRANDE RUE,44150.0,namas,90.0,4.0,0,294000.0,3267.0,172.0,47.364373,-1.178758,44003000AD0154
2023-10-06,26 RUE BASSE GRANDE RUE,44150.0,namas,174.0,6.0,1,520000.0,2989.0,180.0,47.364256,-1.178619,44003000AD0152
2025-09-24,48 RUE EMILIEN MAILLARD,44150.0,namas,57.0,3.0,1,200000.0,3509.0,192.0,47.364886,-1.180018,44003000AD0098
2023-07-31,143 RUE GEORGES CLEMENCEAU,44150.0,namas,99.0,4.0,1,240000.0,2424.0,193.0,47.367375,-1.178873,44003000BK0031
2024-01-24,13 RUE DES QUAIS,44150.0,namas,105.0,5.0,1,450000.0,4286.0,193.0,47.36519,-1.175435,44003000BC0099
2025-10-29,124 RUE DE CHAROST,44150.0,namas,77.0,4.0,0,188000.0,2442.0,198.0,47.365528,-1.180444,44003000BE0037
2025-01-24,63 RUE SAINT PAUL,44150.0,namas,113.0,4.0,0,185000.0,1637.0,199.0,47.3657,-1.175201,44003000BC0050
2023-09-25,193 AV ROBERT SCHUMAN,44150.0,butas,104.0,6.0,1,212000.0,2038.0,201.0,47.367505,-1.177009,44003000BK0090
2023-11-08,215 BD LEON SECHE,44150.0,butas,88.0,5.0,1,165000.0,1875.0,201.0,47.367505,-1.177009,44003000BK0090
2024-04-05,155 AV ROBERT SCHUMAN,44150.0,butas,62.0,3.0,1,143000.0,2306.0,201.0,47.367505,-1.177009,44003000BK0090
2024-12-10,171 AV ROBERT SCHUMAN,44150.0,butas,88.0,5.0,1,188000.0,2136.0,201.0,47.367505,-1.177009,44003000BK0090
2024-10-04,155 AV ROBERT SCHUMAN,44150.0,butas,77.0,4.0,1,155800.0,2023.0,201.0,47.367505,-1.177009,44003000BK0090
2023-05-03,155 AV ROBERT SCHUMAN,44150.0,butas,62.0,3.0,1,150000.0,2419.0,201.0,47.367505,-1.177009,44003000BK0090
2023-12-21,171 AV ROBERT SCHUMAN,44150.0,butas,77.0,4.0,1,127000.0,1649.0,201.0,47.367505,-1.177009,44003000BK0090
2025-07-18,15 RUE BASSE GRANDE RUE,44150.0,namas,198.0,6.0,0,240000.0,1212.0,202.0,47.364228,-1.179217,44003000AD0139
2023-12-06,170 RUE GEORGES CLEMENCEAU,44150.0,namas,90.0,4.0,1,140000.0,1556.0,208.0,47.367643,-1.178198,44003000BK0062
2024-12-17,39 RUE DU 64EME RI,44150.0,namas,70.0,3.0,1,178000.0,2543.0,212.0,47.364348,-1.179691,44003000AD0081
2024-08-09,47 RUE DU 64EME RI,44150.0,namas,68.0,3.0,0,172000.0,2529.0,216.0,47.364344,-1.179758,44003000AD0080
2025-12-31,31 RUE EMILIEN MAILLARD,44150.0,namas,115.0,1.0,1,230000.0,2000.0,220.0,47.364637,-1.180216,44003000AD0060
2024-03-19,25 RUE DE BRESSIGNY,44150.0,namas,53.0,2.0,0,115000.0,2170.0,227.0,47.363768,-1.17827,44003000BL0098
2024-06-28,9 RUE DES PECHEURS,44150.0,namas,92.0,4.0,0,256000.0,2783.0,234.0,47.36642,-1.174883,44003000AI0075
2023-02-24,68 RUE DES TONNELIERS,44150.0,namas,138.0,5.0,0,325000.0,2355.0,237.0,47.363801,-1.17899,44003000BL0079
2025-10-02,21 RUE DES PECHEURS,44150.0,namas,84.0,3.0,0,124000.0,1476.0,240.0,47.366508,-1.174836,44003000AI0072
2024-02-21,105 RUE NEUVE,44150.0,namas,73.0,4.0,0,190000.0,2603.0,241.0,47.365157,-1.180894,44003000AD0022
2025-01-03,25 RUE DU GRIFFON,44150.0,butas,72.0,3.0,1,147000.0,2042.0,242.0,47.363707,-1.178792,44003000BL0085
2025-08-05,77 RUE DES PECHEURS,44150.0,namas,110.0,5.0,2,340000.0,3091.0,244.0,47.367039,-1.175179,44003000AI0049
2024-10-08,11 RUE SAINT PAUL,44150.0,namas,80.0,4.0,0,275000.0,3438.0,246.0,47.366018,-1.174592,44003000BC0040
2024-07-12,389 BD LEON SECHE,44150.0,namas,97.0,4.0,0,290900.0,2999.0,250.0,47.368031,-1.177896,44003000BK0100
2023-05-23,110 RUE DES TONNELIERS,44150.0,butas,56.0,1.0,0,115000.0,2054.0,252.0,47.363822,-1.179503,44003000BL0071
2024-09-05,61 RUE DES PECHEURS,44150.0,namas,45.0,2.0,0,190000.0,4222.0,252.0,47.366875,-1.174913,44003000AI0051
2023-12-21,163 RUE DU CHATEAU,44150.0,butas,92.0,4.0,0,132900.0,1445.0,262.0,47.363859,-1.179838,44003000BL0067
2025-06-16,144 RUE DES TONNELIERS,44150.0,butas,81.0,4.0,1,172000.0,2123.0,269.0,47.363861,-1.179998,44003000BL0064
2025-01-07,144 RUE DES TONNELIERS,44150.0,butas,92.0,5.0,0,115000.0,1250.0,269.0,47.363861,-1.179998,44003000BL0064
2023-05-03,250 RUE DU COLLEGE,44150.0,butas,44.0,2.0,1,160000.0,3636.0,289.0,47.366275,-1.181606,44003000BK0016
2023-02-08,250 RUE DU COLLEGE,44150.0,butas,65.0,3.0,1,250000.0,3846.0,289.0,47.366275,-1.181606,44003000BK0016
2024-05-31,212 RUE DES TONNELIERS,44150.0,butas,225.0,5.0,1,270000.0,1200.0,307.0,47.363928,-1.180853,44003000BL0045
2025-08-22,86 RUE DU ROCHER,44150.0,namas,139.0,4.0,0,236500.0,1701.0,308.0,47.365087,-1.181796,44003000AD0005
2023-06-01,383 AV DE LA LIBERATION,44150.0,butas,62.0,3.0,1,128500.0,2073.0,318.0,47.368641,-1.177804,44003000AI0014
2025-09-08,359 AV DE LA LIBERATION,44150.0,butas,62.0,3.0,1,177000.0,2855.0,318.0,47.368641,-1.177804,44003000AI0014
2025-05-27,258 RUE DES TONNELIERS,44150.0,namas,180.0,5.0,0,360000.0,2000.0,336.0,47.364021,-1.181461,44003000BL0028
2023-09-14,63 RUE DU GENERAL LECLERC,44150.0,butas,104.0,4.0,1,174000.0,1673.0,338.0,47.364074,-1.18155,44003000BL0025
2025-02-18,98 RUE DU GENERAL LECLERC,44150.0,butas,200.0,6.0,1,365000.0,1825.0,341.0,47.364577,-1.181995,44003000AE0080
2025-08-11,274 RUE DES TONNELIERS,44150.0,butas,112.0,4.0,2,250000.0,2232.0,346.0,47.364055,-1.181653,44003000BL0020
2023-12-12,253 RUE DES TONNELIERS,44150.0,namas,149.0,7.0,0,680000.0,4564.0,363.0,47.363648,-1.181472,44003000BL0031
2023-09-20,112 PL DE LA REPUBLIQUE,44150.0,namas,274.0,8.0,0,575000.0,2099.0,375.0,47.366167,-1.182784,44003000BK0005
2023-06-12,138 RUE DU GENERAL LECLERC,44150.0,namas,85.0,3.0,1,110000.0,1294.0,380.0,47.364464,-1.182486,44003000AE0075
2023-02-09,36 AV DE LA BATAILLE DE LA MARNE,44150.0,namas,90.0,3.0,1,209000.0,2322.0,383.0,47.367539,-1.173475,44003000AI0090
2022-09-14,218 PL DE LA REPUBLIQUE,44150.0,butas,45.0,2.0,0,83500.0,1856.0,412.0,47.365222,-1.183247,44003000AE0062
2023-01-13,218 PL DE LA REPUBLIQUE,44150.0,butas,30.0,2.0,0,64832.0,2161.0,412.0,47.365222,-1.183247,44003000AE0062
2025-11-27,31 AV FRANCIS ROBERT,44150.0,butas,45.0,2.0,0,108000.0,2400.0,433.0,47.369583,-1.179082,44003000AK0144
2025-11-05,173 RUE DE LA CORDERIE,44150.0,butas,57.0,2.0,1,137500.0,2412.0,449.0,47.369819,-1.177914,44003000AL0212
2024-12-05,181 AV DE LA LIBERATION,44150.0,namas,114.0,6.0,1,111737.67,980.0,450.0,47.36956,-1.175711,44003000AI0022
2024-11-12,195 RUE DU GENERAL LECLERC,44150.0,namas,462.0,9.0,0,595000.0,1288.0,453.0,47.364099,-1.183306,44003000BI0042
2023-05-12,228 RUE DU GENERAL LECLERC,44150.0,namas,314.0,9.0,0,630000.0,2006.0,470.0,47.364468,-1.183758,44003000AE0091
2023-02-09,284 RUE LAMORICIERE,44150.0,namas,103.0,4.0,1,310000.0,3010.0,475.0,47.369162,-1.181691,44003000AK0109
2023-12-06,173 RUE SAINT FIACRE,44150.0,butas,63.0,3.0,1,210000.0,3333.0,484.0,47.364939,-1.184133,44003000AE0066
2024-02-12,173 RUE SAINT FIACRE,44150.0,butas,63.0,3.0,2,209000.0,3317.0,484.0,47.364939,-1.184133,44003000AE0066
2022-07-13,80 RUE SAINT FIACRE,44150.0,namas,234.0,9.0,2,525000.0,2244.0,490.0,47.365735,-1.184339,44003000AE0038
2025-04-25,316 RUE LAMORICIERE,44150.0,namas,110.0,4.0,1,175000.0,1591.0,507.0,47.369512,-1.181704,44003000AK0111
2023-06-05,140 RUE SAINT FIACRE,44150.0,namas,80.0,3.0,1,175000.0,2188.0,535.0,47.365236,-1.184891,44003000AE0022
2025-03-14,325 RUE LAMORICIERE,44150.0,namas,90.0,5.0,0,282000.0,3133.0,540.0,47.369654,-1.182163,44003000AK0070
2022-05-10,160 RUE SAINT FIACRE,44150.0,butas,108.0,4.0,3,315000.0,2917.0,546.0,47.365106,-1.185018,44003000AE0021
2023-05-17,160 RUE SAINT FIACRE,44150.0,butas,87.0,2.0,1,150000.0,1724.0,546.0,47.365106,-1.185018,44003000AE0021
2025-04-24,160 RUE SAINT FIACRE,44150.0,butas,108.0,4.0,3,323000.0,2991.0,546.0,47.365106,-1.185018,44003000AE0021
2023-02-28,160 RUE SAINT FIACRE,44150.0,butas,74.0,4.0,2,200000.0,2703.0,546.0,47.365106,-1.185018,44003000AE0021
2022-04-20,160 RUE SAINT FIACRE,44150.0,butas,55.0,2.0,2,100000.0,1818.0,546.0,47.365106,-1.185018,44003000AE0021
2025-06-25,2 RUE RENE URIEN,44150.0,namas,75.0,4.0,1,130000.0,1733.0,553.0,47.370575,-1.179794,44003000BH0119
2023-11-15,215 AV FRANCIS ROBERT,44150.0,butas,76.0,3.0,1,235000.0,3092.0,555.0,47.370675,-1.179259,44003000BH0160
2024-10-16,215 AV FRANCIS ROBERT,44150.0,butas,90.0,4.0,1,326150.0,3624.0,555.0,47.370675,-1.179259,44003000BH0160
2024-03-28,215 AV FRANCIS ROBERT,44150.0,butas,41.0,2.0,0,127000.0,3098.0,555.0,47.370675,-1.179259,44003000BH0160
2023-05-05,333 RUE LAMORICIERE,44150.0,namas,36.0,2.0,0,150000.0,4167.0,561.0,47.369887,-1.182164,44003000AK0069
2025-11-06,97 RUE DU MARECHAL DE RIEUX,44150.0,namas,88.0,4.0,0,171000.0,1943.0,585.0,47.369478,-1.183356,44003000AK0079
2024-05-31,33 RUE DE LA CORDERIE,44150.0,namas,111.0,5.0,1,390000.0,3514.0,591.0,47.370711,-1.174928,44003000AL0127
2023-03-02,50 RUE DU MARECHAL DE RIEUX,44150.0,namas,130.0,5.0,0,340000.0,2615.0,601.0,47.37002,-1.182789,44003000AK0061
2025-09-30,119 RUE DU MARECHAL DE RIEUX,44150.0,namas,188.0,9.0,0,476500.0,2535.0,602.0,47.369527,-1.183606,44003000AK0080
2024-02-19,382 RUE DU GENERAL LECLERC,44150.0,namas,201.0,8.0,1,530000.0,2637.0,612.0,47.364409,-1.185693,44003000AE0011
2022-07-13,120 RUE RENE URIEN,44150.0,namas,113.0,5.0,1,340000.0,3009.0,613.0,47.370842,-1.181074,44003000BH0112
2025-03-18,137 RUE DU MARECHAL DE RIEUX,44150.0,namas,111.0,5.0,0,250000.0,2252.0,614.0,47.369546,-1.183804,44003000AK0081
2023-02-20,263 RUE RENE URIEN,44150.0,namas,78.0,3.0,1,330000.0,4231.0,637.0,47.370324,-1.182978,44003000AK0059
2022-03-23,263 RUE RENE URIEN,44150.0,namas,78.0,3.0,1,170000.0,2179.0,637.0,47.370324,-1.182978,44003000AK0059
2022-09-01,163 RUE DU MARECHAL DE RIEUX,44150.0,namas,72.0,4.0,0,230000.0,3194.0,639.0,47.369534,-1.18426,44003000AK0195
2024-02-06,27 RUE DE LA CORDERIE,44150.0,namas,106.0,4.0,1,132500.0,1250.0,641.0,47.370971,-1.174153,44003000AL0123
2024-01-11,27 RUE DE LA CORDERIE,44150.0,namas,106.0,4.0,1,132500.0,1250.0,641.0,47.370971,-1.174153,44003000AL0123
2022-12-21,207 RUE DU SALVANET,44150.0,namas,147.0,5.0,0,445000.0,3027.0,642.0,47.369223,-1.184679,44003000AK0017
2023-02-21,418 RUE DU GENERAL LECLERC,44150.0,namas,32.0,1.0,0,90000.0,2812.0,646.0,47.364355,-1.186143,44003000AE0008
2025-07-17,292 BD DU DOCTEUR MOUTEL,44150.0,butas,70.0,3.0,2,138500.0,1979.0,660.0,47.371375,-1.174926,44003000AL0139
2023-07-19,292 BD DU DOCTEUR MOUTEL,44150.0,butas,32.0,1.0,1,81945.0,2561.0,660.0,47.371375,-1.174926,44003000AL0139
2023-07-21,292 BD DU DOCTEUR MOUTEL,44150.0,butas,70.0,3.0,1,150000.0,2143.0,660.0,47.371375,-1.174926,44003000AL0139
2023-01-12,292 BD DU DOCTEUR MOUTEL,44150.0,butas,53.0,2.0,1,112010.0,2113.0,660.0,47.371375,-1.174926,44003000AL0139
2024-10-18,292 BD DU DOCTEUR MOUTEL,44150.0,butas,85.0,4.0,1,148500.0,1747.0,660.0,47.371375,-1.174926,44003000AL0139
2025-07-16,292 BD DU DOCTEUR MOUTEL,44150.0,butas,78.0,4.0,2,140000.0,1795.0,660.0,47.371375,-1.174926,44003000AL0139
2025-10-13,292 BD DU DOCTEUR MOUTEL,44150.0,butas,68.0,3.0,2,132600.0,1950.0,660.0,47.371375,-1.174926,44003000AL0139
2024-05-17,292 BD DU DOCTEUR MOUTEL,44150.0,butas,68.0,3.0,1,142000.0,2088.0,660.0,47.371375,-1.174926,44003000AL0139
2024-05-22,292 BD DU DOCTEUR MOUTEL,44150.0,butas,69.0,3.0,1,135500.0,1964.0,660.0,47.371375,-1.174926,44003000AL0139
2023-06-29,292 BD DU DOCTEUR MOUTEL,44150.0,butas,52.0,2.0,1,124894.0,2402.0,660.0,47.371375,-1.174926,44003000AL0139
2024-09-06,292 BD DU DOCTEUR MOUTEL,44150.0,butas,85.0,4.0,1,154000.0,1812.0,660.0,47.371375,-1.174926,44003000AL0139
2024-03-18,292 BD DU DOCTEUR MOUTEL,44150.0,butas,53.0,2.0,1,112000.0,2113.0,660.0,47.371375,-1.174926,44003000AL0139
2025-11-03,292 BD DU DOCTEUR MOUTEL,44150.0,butas,78.0,4.0,2,137000.0,1756.0,660.0,47.371375,-1.174926,44003000AL0139
2024-04-26,286 RUE JEAN DORAT,44150.0,namas,102.0,5.0,0,301000.0,2951.0,662.0,47.367028,-1.186423,44003160AN0359
2024-04-05,276 AV FRANCIS ROBERT,44150.0,namas,174.0,8.0,1,630000.0,3621.0,670.0,47.371791,-1.178419,44003000AL0166
2025-02-05,47 RUE AUDIGANNE,44150.0,namas,150.0,5.0,0,418000.0,2787.0,672.0,47.370943,-1.182472,44003000BH0076
2023-12-12,64 PL MAURICE GELINEAU,44150.0,butas,50.0,2.0,1,84000.0,1680.0,674.0,47.371654,-1.180058,44003000BH0138
2022-07-12,64 PL MAURICE GELINEAU,44150.0,butas,65.0,3.0,1,230000.0,3538.0,674.0,47.371654,-1.180058,44003000BH0138
2024-12-17,13 RUE DES GRANDS CHAMPS,44150.0,butas,55.0,2.0,0,124000.0,2255.0,691.0,47.371908,-1.179389,44003000BH0166
2025-12-11,13 RUE DES GRANDS CHAMPS,44150.0,butas,81.0,3.0,2,175660.0,2169.0,691.0,47.371908,-1.179389,44003000BH0166
2023-10-23,304 RUE RENE URIEN,44150.0,namas,108.0,6.0,0,337000.0,3120.0,698.0,47.370726,-1.183543,44003000BH0068
2025-08-01,195 RUE DU GENERAL HAGRON,44150.0,namas,300.0,7.0,0,814000.0,2713.0,709.0,47.371608,-1.181656,44003000BH0134
2024-09-06,309 RUE DU SALVANET,44150.0,namas,72.0,4.0,1,170000.0,2361.0,710.0,47.370063,-1.184825,44003000AK0032
2022-08-29,249 RUE JEAN DORAT,44150.0,namas,94.0,5.0,0,330000.0,3511.0,715.0,47.367154,-1.187108,44003160AN0349
2024-01-22,249 RUE JEAN DORAT,44150.0,namas,94.0,5.0,0,383000.0,4074.0,715.0,47.367154,-1.187108,44003160AN0349
2022-09-09,43 RUE GEORGE SAND,44150.0,namas,125.0,5.0,0,400000.0,3200.0,717.0,47.368391,-1.186539,44003160AN0250
2022-11-30,81 RUE AUDIGANNE,44150.0,namas,90.0,5.0,1,307500.0,3417.0,719.0,47.371419,-1.182509,44003000BH0181
2024-04-26,9002 RUE DES GRANDS CHAMPS,44150.0,namas,100.0,5.0,1,220000.0,2200.0,719.0,47.372157,-1.179421,44003000BH0168
2022-11-15,444 BD DU DOCTEUR MOUTEL,44150.0,namas,92.0,3.0,0,239000.0,2598.0,733.0,47.37235,-1.177036,44003000AL0081
2022-09-15,403 RUE RENE URIEN,44150.0,namas,147.0,6.0,1,192000.0,1306.0,737.0,47.370387,-1.184868,44003000AK0041
2023-02-27,194 RUE JEAN DORAT,44150.0,namas,91.0,5.0,0,300000.0,3297.0,740.0,47.366677,-1.187569,44003160AN0354
2025-12-05,415 RUE RENE URIEN,44150.0,namas,120.0,6.0,0,232000.0,1933.0,743.0,47.370348,-1.185027,44003000AK0039
2021-06-25,53 RUE HERVE BAZIN,44150.0,namas,184.0,5.0,0,452375.0,2459.0,771.0,47.367326,-1.187814,44003160AN0344
2022-01-19,260 RUE BLAISE PASCAL - ST GEREON,44150.0,namas,116.0,6.0,1,300000.0,2586.0,786.0,47.367505,-1.187946,44003160AN0281
2023-03-13,267 RUE BLAISE PASCAL - ST GEREON,44150.0,namas,101.0,4.0,0,364000.0,3604.0,787.0,47.367931,-1.187789,44003160AN0266
2022-10-13,301 ALL DES ETANGS,44150.0,namas,148.0,6.0,0,520000.0,3514.0,792.0,47.369903,-1.186399,44003000AK0008
2025-03-26,529 RUE RENE URIEN,44150.0,namas,111.0,5.0,0,387500.0,3491.0,815.0,47.370289,-1.186361,44003000AK0005
2023-01-06,529 RUE RENE URIEN,44150.0,namas,111.0,5.0,0,315000.0,2838.0,815.0,47.370289,-1.186361,44003000AK0005
2025-12-19,11 RUE DES FRESNES ANCENIS,44150.0,namas,92.0,5.0,1,350000.0,3804.0,821.0,47.371318,-1.18505,44003000BH0020
2024-09-10,231 IMP BLAISE PASCAL - ST GEREON,44150.0,namas,96.0,3.0,0,330000.0,3438.0,824.0,47.367905,-1.188318,44003160AN0269
2023-07-13,555 BD PASTEUR,44150.0,namas,119.0,5.0,0,325000.0,2731.0,825.0,47.372863,-1.174588,44003000AL0230
2022-12-29,537 BD PASTEUR,44150.0,namas,97.0,4.0,1,171450.0,1768.0,827.0,47.372833,-1.174377,44003000AL0094
2023-07-27,465 BD PASTEUR,44150.0,namas,85.0,4.0,0,250000.0,2941.0,835.0,47.372676,-1.173458,44003000AL0099
2025-09-29,465 BD PASTEUR,44150.0,namas,85.0,4.0,0,350000.0,4118.0,835.0,47.372676,-1.173458,44003000AL0099
2022-07-08,732 BD PASTEUR,44150.0,namas,96.0,4.0,0,300000.0,3125.0,846.0,47.37334,-1.176631,44003000AL0018
2024-03-11,189 RUE DES HAUTS PAVES,44150.0,namas,119.0,4.0,1,366010.0,3076.0,885.0,47.371908,-1.185328,44003000BH0035
2025-09-15,101 RUE DES PEUPLIERS,44150.0,namas,73.0,4.0,0,195000.0,2671.0,903.0,47.369786,-1.188255,44003160AM0059
2023-03-07,116 RUE DU CLOS GEREON,44150.0,namas,119.0,6.0,1,270000.0,2269.0,913.0,47.365791,-1.18995,44003160AN0110
2023-12-22,210 RUE DES HAUTS PAVES,44150.0,namas,131.0,8.0,0,276000.0,2107.0,913.0,47.37242,-1.184954,44003000BH0058
2024-03-22,96 RUE PONTUS DE TYARD,44150.0,namas,140.0,5.0,0,310000.0,2214.0,916.0,47.368273,-1.189425,44003160AN0242
2021-07-30,35 AV DE LA DAVRAYS ST GEREON,44150.0,namas,88.0,4.0,0,180000.0,2045.0,918.0,47.365256,-1.189991,44003160AN0104
2022-03-25,15 RUE JACQUES PELTIER DU MANS,44150.0,namas,136.0,5.0,0,405000.0,2978.0,918.0,47.368693,-1.189227,44003160AN0226
2025-03-24,86 RUE BLAISE PASCAL - ST GEREON,44150.0,namas,125.0,6.0,1,340000.0,2720.0,927.0,47.36708,-1.189984,44003160AN0212
2023-06-29,141 RUE DU CLOS GEREON,44150.0,namas,118.0,4.0,0,386000.0,3271.0,936.0,47.366224,-1.190231,44003160AN0386
2024-08-30,132 RUE DU BARON GEOFFROY,44150.0,namas,111.0,6.0,0,100000.0,901.0,936.0,47.373266,-1.183497,44003000BH0055
2022-09-01,127 RUE PIERRE DAUTEL,44150.0,namas,108.0,4.0,0,320000.0,2963.0,940.0,47.373852,-1.181548,44003000AN0113
2023-10-09,105 RUE DU VERGER,44150.0,namas,80.0,4.0,1,224000.0,2800.0,940.0,47.373979,-1.17482,44003000AL0043
2023-11-06,237 RUE DES HAUTS PAVES,44150.0,namas,89.0,4.0,0,232010.0,2607.0,947.0,47.37228,-1.185951,44003000BH0037
2022-07-13,242 RUE DES HAUTS PAVES,44150.0,namas,67.0,4.0,0,290000.0,4328.0,948.0,47.372539,-1.18549,44003000BH0056
2023-07-05,85 COUR DE L HORLOGE,44150.0,butas,70.0,3.0,1,165000.0,2357.0,949.0,47.363948,-1.190131,44003000BI0016
2023-07-11,85 COUR DE L HORLOGE,44150.0,butas,47.0,2.0,1,151800.0,3230.0,949.0,47.363948,-1.190131,44003000BI0016
2025-03-28,101 COUR DE L HORLOGE,44150.0,butas,72.0,3.0,1,195000.0,2708.0,949.0,47.363948,-1.190131,44003000BI0016
2025-04-25,85 COUR DE L HORLOGE,44150.0,butas,96.0,4.0,1,290000.0,3021.0,949.0,47.363948,-1.190131,44003000BI0016
2025-02-26,77 COUR DE L HORLOGE,44150.0,butas,47.0,2.0,1,148500.0,3160.0,949.0,47.363948,-1.190131,44003000BI0016
2025-02-28,85 COUR DE L HORLOGE,44150.0,butas,56.0,2.0,1,150000.0,2679.0,949.0,47.363948,-1.190131,44003000BI0016
2025-10-29,59 IMP REMY BELLEAU,44150.0,namas,87.0,5.0,0,250000.0,2874.0,971.0,47.366751,-1.190635,44003160AN0289
2025-12-24,43 RUE DU CLOS GEREON,44150.0,namas,96.0,5.0,0,240000.0,2500.0,972.0,47.365813,-1.190731,44003160AN0115
2023-05-02,129 COUR DE L HORLOGE,44150.0,butas,90.0,3.0,1,220000.0,2444.0,974.0,47.364681,-1.190651,44003000BI0007
2025-05-28,254 RUE DES BOUVREUILS,44150.0,namas,72.0,5.0,0,190000.0,2639.0,974.0,47.374533,-1.177875,44003000AM0016
2023-06-28,147 COUR DE L HORLOGE,44150.0,butas,90.0,3.0,2,220000.0,2444.0,974.0,47.364681,-1.190651,44003000BI0007
2025-05-20,129 COUR DE L HORLOGE,44150.0,butas,90.0,4.0,2,170000.0,1889.0,974.0,47.364681,-1.190651,44003000BI0007
2023-07-07,147 COUR DE L HORLOGE,44150.0,butas,90.0,4.0,2,210000.0,2333.0,974.0,47.364681,-1.190651,44003000BI0007
2023-11-08,129 COUR DE L HORLOGE,44150.0,butas,40.0,2.0,2,106000.0,2650.0,974.0,47.364681,-1.190651,44003000BI0007
2025-10-28,147 COUR DE L HORLOGE,44150.0,butas,90.0,4.0,2,185000.0,2056.0,974.0,47.364681,-1.190651,44003000BI0007
2024-11-15,106 IMP REMY BELLEAU,44150.0,namas,85.0,4.0,0,205000.0,2412.0,995.0,47.367224,-1.190863,44003160AN0273
2022-03-23,220 RUE PIERRE DAUTEL,44150.0,namas,110.0,5.0,0,230000.0,2091.0,998.0,47.374109,-1.182759,44003000AN0177
2025-04-03,192 RUE DES BOUVREUILS,44150.0,namas,106.0,5.0,0,210000.0,1981.0,1003.0,47.374787,-1.177228,44003000AM0030
2022-02-28,157 RUE DU RENCLOS,44150.0,namas,80.0,3.0,1,254200.0,3178.0,1005.0,47.36373,-1.190821,44003160AO0051
2025-06-27,176 BD MONTAIGNE,44150.0,namas,91.0,5.0,0,240000.0,2637.0,1012.0,47.369288,-1.19022,44003160AM0101
2024-01-18,73 RUE CORABOEUF,44150.0,namas,130.0,4.0,0,280010.0,2154.0,1021.0,47.374271,-1.182966,44003000AN0184
2022-02-15,294 BD MONTAIGNE,44150.0,namas,87.0,4.0,0,320000.0,3678.0,1048.0,47.368203,-1.19127,44003160AN0049
2023-07-31,413 AV DU PONT DE BIAIS,44150.0,namas,94.0,4.0,0,260000.0,2766.0,1049.0,47.365694,-1.191757,44003160AN0135
2023-10-24,55 IMP DES PEUPLIERS,44150.0,namas,84.0,4.0,0,260000.0,3095.0,1066.0,47.369412,-1.190928,44003160AM0103
2023-08-17,51 RUE DU PRESSOIR ROUGE,44150.0,namas,97.0,4.0,0,239000.0,2464.0,1069.0,47.375198,-1.180633,44003000AN0138
2021-10-05,51 RUE DES GASTINELLERIES,44150.0,namas,90.0,5.0,0,265000.0,2944.0,1071.0,47.371384,-1.189393,44003160AM0039
2024-04-29,162 BD PASTEUR,44150.0,namas,84.0,4.0,1,160000.0,1905.0,1076.0,47.373629,-1.16949,44003000AM0112
2023-07-04,53 RUE DES ROITELETS,44150.0,namas,65.0,3.0,0,234000.0,3600.0,1081.0,47.375259,-1.174713,44003000AM0071
2022-04-21,67 RUE DU PRESSOIR ROUGE,44150.0,namas,98.0,5.0,0,275000.0,2806.0,1081.0,47.375274,-1.180871,44003000AN0245
2023-07-21,369 AV DU PONT DE BIAIS,44150.0,namas,122.0,3.0,0,157000.0,1287.0,1086.0,47.365644,-1.192245,44003160AN0138
2025-11-28,405 RUE DES SENSIVES,44150.0,namas,120.0,6.0,0,348000.0,2900.0,1088.0,47.369191,-1.191368,44003160AM0095
2024-05-21,66 RUE DES ALOUETTES,44150.0,namas,73.0,4.0,0,179000.0,2452.0,1091.0,47.375391,-1.174993,44003000AM0063
2025-02-19,9010 RUE DU PRESSOIR ROUGE,44150.0,namas,120.0,6.0,1,170000.0,1417.0,1111.0,47.374431,-1.185204,44003000AN0249
2021-12-17,350 AV DU PONT DE BIAIS,44150.0,namas,64.0,2.0,1,160000.0,2500.0,1112.0,47.365094,-1.192557,44003160AO0036
2025-03-03,300 RUE DES BOULEAUX,44150.0,namas,96.0,5.0,0,240000.0,2500.0,1130.0,47.368669,-1.192209,44003160AL0112
2022-04-06,90 RUE DES CHARMILLES,44150.0,namas,75.0,4.0,1,195000.0,2600.0,1150.0,47.369894,-1.19183,44003160AM0150
2024-01-26,309 RUE DE CHATEAUBRIAND,44150.0,namas,116.0,6.0,0,240000.0,2069.0,1157.0,47.375988,-1.180771,44003000AN0193
2021-06-28,227 RUE DES BOULEAUX,44150.0,namas,96.0,5.0,0,193650.0,2017.0,1158.0,47.368072,-1.192825,44003160AL0120
2025-12-19,530 RUE DES MAITRES,44150.0,namas,104.0,6.0,0,180000.0,1731.0,1161.0,47.370649,-1.191469,44003160AM0322
2025-10-17,97 RUE DES CHARMILLES,44150.0,namas,65.0,4.0,1,222000.0,3415.0,1166.0,47.370333,-1.191771,44003160AM0146
2025-03-25,13 PL DU PETIT MOULIN,44150.0,namas,58.0,2.0,1,102000.0,1759.0,1169.0,47.366293,-1.193326,44003160AN0013
2021-07-28,498 RUE DES MAITRES,44150.0,namas,54.0,3.0,1,173000.0,3204.0,1181.0,47.370589,-1.191809,44003160AM0139
2021-02-11,11 PL DU PETIT MOULIN,44150.0,namas,39.0,1.0,0,180000.0,4615.0,1182.0,47.366441,-1.193489,44003160AN0015
2021-01-22,5 PL DU PETIT MOULIN,44150.0,namas,52.0,2.0,0,107000.0,2058.0,1183.0,47.366176,-1.193524,44003160AN0009
2022-11-15,529 RUE DES MAITRES,44150.0,namas,68.0,3.0,1,220000.0,3235.0,1184.0,47.370958,-1.191563,44003160AM0318
2024-03-01,415 RUE DU BARON GEOFFROY,44150.0,namas,68.0,4.0,0,330000.0,4853.0,1196.0,47.374788,-1.186494,44003000AN0048
2023-04-25,68 LE TERTRE - ST GEREON,44150.0,namas,36.0,1.0,0,225000.0,6250.0,1200.0,47.363606,-1.193426,44003160AO0093
2025-03-31,236 RUE DES GASTINELLERIES,44150.0,namas,125.0,4.0,0,360000.0,2880.0,1206.0,47.371899,-1.191048,44003160AM0250
2022-07-12,24 RUE DES BOULEAUX,44150.0,namas,96.0,5.0,0,285000.0,2969.0,1238.0,47.368825,-1.193629,44003160AL0093
2025-03-28,432 RUE DES MAITRES,44150.0,namas,65.0,4.0,0,180000.0,2769.0,1245.0,47.370525,-1.192797,44003160AM0164
2025-02-26,129 BD MAGIRESTI,44150.0,namas,182.0,5.0,0,353500.0,1942.0,1248.0,47.374729,-1.187823,44003000AN0022
2025-10-31,414 RUE DES MAITRES,44150.0,namas,65.0,4.0,0,217000.0,3338.0,1252.0,47.37046,-1.192943,44003160AM0165
2023-03-31,228 AV DU PONT DE BIAIS,44150.0,namas,123.0,6.0,1,315000.0,2561.0,1254.0,47.364409,-1.194353,44003160AO0151
2023-01-17,409 RUE DE CHATEAUBRIAND,44150.0,namas,147.0,6.0,1,440000.0,2993.0,1258.0,47.376832,-1.181356,44003000AN0199
2024-12-13,101 RUE DES CLEMATITES,44150.0,namas,189.0,5.0,0,490000.0,2593.0,1299.0,47.371548,-1.192818,44003160AM0248
2025-01-29,41 BD MADAME DE SEVIGNE,44150.0,namas,110.0,5.0,0,227000.0,2064.0,1300.0,47.377148,-1.181845,44003000AN0202
2022-11-29,101 BD MADAME DE SEVIGNE,44150.0,namas,93.0,4.0,0,211700.0,2276.0,1321.0,47.377219,-1.182535,44003000AN0205
2025-10-27,69 RUE DE LA GILARDERIE,44150.0,butas,70.0,3.0,2,259000.0,3700.0,1322.0,47.375541,-1.18783,44003000AN0007
2025-06-03,69 RUE DE LA GILARDERIE,44150.0,butas,70.0,3.0,1,255000.0,3643.0,1322.0,47.375541,-1.18783,44003000AN0007
2025-12-16,69 RUE DE LA GILARDERIE,44150.0,butas,70.0,3.0,1,240000.0,3429.0,1322.0,47.375541,-1.18783,44003000AN0007
2025-02-18,69 RUE DE LA GILARDERIE,44150.0,butas,70.0,3.0,2,275000.0,3929.0,1322.0,47.375541,-1.18783,44003000AN0007
2025-02-26,69 RUE DE LA GILARDERIE,44150.0,butas,63.0,3.0,2,265000.0,4206.0,1322.0,47.375541,-1.18783,44003000AN0007
2025-07-15,69 RUE DE LA GILARDERIE,44150.0,butas,70.0,3.0,1,235000.0,3357.0,1322.0,47.375541,-1.18783,44003000AN0007
2024-12-19,132 AV DU PONT DE BIAIS,44150.0,namas,136.0,4.0,0,240000.0,1765.0,1324.0,47.365227,-1.195378,44003160AO0011
2025-09-30,144 AV DU PONT DE BIAIS,44150.0,namas,130.0,7.0,0,350000.0,2692.0,1325.0,47.364834,-1.19536,44003160AO0174
2021-08-23,144 AV DU PONT DE BIAIS,44150.0,namas,130.0,7.0,0,290000.0,2231.0,1325.0,47.364834,-1.19536,44003160AO0174
2025-08-22,119 BD MADAME DE SEVIGNE,44150.0,namas,92.0,5.0,0,204000.0,2217.0,1329.0,47.377254,-1.18276,44003000AN0206
2023-06-09,133 RUE DES SENSIVES,44150.0,namas,88.0,5.0,1,245000.0,2784.0,1331.0,47.369631,-1.194552,44003160AK0182
2024-06-03,10 ALL PIERRE ABELARD,44150.0,butas,50.0,2.0,1,150000.0,3000.0,1338.0,47.375305,-1.188681,44003000AN0001
2022-07-28,4 ALL PIERRE ABELARD,44150.0,butas,71.0,3.0,1,220000.0,3099.0,1338.0,47.375305,-1.188681,44003000AN0001
2024-10-22,16 ALL PIERRE ABELARD,44150.0,butas,50.0,2.0,1,137000.0,2740.0,1338.0,47.375305,-1.188681,44003000AN0001
2022-07-11,9 ALL PIERRE ABELARD,44150.0,butas,50.0,2.0,1,146000.0,2920.0,1338.0,47.375305,-1.188681,44003000AN0001
2025-03-29,246 RUE DU PRE HAUSSE,44150.0,namas,262.0,8.0,1,445000.0,1698.0,1346.0,47.367227,-1.195561,44003160AL0367
2025-12-10,300 RUE DES MAITRES,44150.0,namas,121.0,4.0,0,180000.0,1488.0,1352.0,47.370356,-1.19445,44003160AK0173
2022-12-30,323 RUE DES MAITRES,44150.0,namas,85.0,4.0,1,210000.0,2471.0,1356.0,47.370716,-1.194291,44003160AK0189
2023-06-29,75 BD RONSARD,44150.0,namas,110.0,5.0,0,273000.0,2482.0,1358.0,47.376544,-1.186335,44003000AN0223
2025-09-10,98 AV DU PONT DE BIAIS,44150.0,namas,95.0,4.0,0,295000.0,3105.0,1368.0,47.36518,-1.195956,44003160AO0008
2021-03-31,327 RUE DES MAITRES,44150.0,namas,75.0,3.0,0,243000.0,3240.0,1369.0,47.370991,-1.19429,44003160AK0164
2022-05-05,177 RUE DES VIEILLES HAIES,44150.0,namas,80.0,4.0,1,220000.0,2750.0,1370.0,47.375295,-1.189372,44003000AO0197
2024-09-27,277 BD MADAME DE SEVIGNE,44150.0,namas,107.0,4.0,0,260000.0,2430.0,1372.0,47.377166,-1.184838,44003000AN0214
2022-07-19,291 BD MADAME DE SEVIGNE,44150.0,namas,130.0,6.0,0,312000.0,2400.0,1378.0,47.377155,-1.185077,44003000AN0215
2024-01-03,41 ALL DES CAPUCINES - ANCENIS,44150.0,namas,70.0,3.0,0,162000.0,2314.0,1401.0,47.375273,-1.190049,44003000AO0052
2024-07-10,15 BD RONSARD,44150.0,namas,84.0,4.0,0,242000.0,2881.0,1401.0,47.377028,-1.186204,44003000AN0220
2022-09-09,118 ALL DES BLEUETS,44150.0,namas,75.0,4.0,0,282100.0,3761.0,1424.0,47.375877,-1.189457,44003000AO0157
2025-08-18,541 RUE DU TERTRE,44150.0,namas,86.0,5.0,1,240000.0,2791.0,1437.0,47.378636,-1.179603,44003000AS0199
2022-02-18,25 AV DU PONT DE BIAIS,44150.0,namas,60.0,3.0,1,175000.0,2917.0,1442.0,47.365605,-1.196966,44003160AL0167
2023-07-18,195 RUE DE LA GILARDERIE,44150.0,namas,138.0,6.0,0,391800.0,2839.0,1450.0,47.376397,-1.188995,44003000AO0149
2024-11-27,85 RUE DE BELPHAGET,44150.0,namas,72.0,4.0,1,135000.0,1875.0,1460.0,47.364693,-1.197133,44003160AO0195
2024-12-02,81 RUE DE BELPHAGET,44150.0,namas,119.0,4.0,1,155000.0,1303.0,1472.0,47.364683,-1.197296,44003160AO0189
2024-06-28,287 RUE DU DRAPEAU,44150.0,namas,115.0,4.0,0,350000.0,3043.0,1472.0,47.371574,-1.1954,44003160AK0255
2024-01-22,236 ALL DES CAMELIAS,44150.0,namas,98.0,4.0,0,220000.0,2245.0,1477.0,47.375165,-1.191705,44003000AO0032
2024-11-27,91 RUE DE BELPHAGET,44150.0,namas,51.0,2.0,0,50000.0,980.0,1482.0,47.364533,-1.197409,44003160AO0179
2025-08-28,267 RUE DES VIGNES,44150.0,namas,93.0,3.0,0,220000.0,2366.0,1491.0,47.366589,-1.197576,44003160AL0281
2023-05-17,5 BD DES AIRENNES,44150.0,namas,60.0,3.0,1,170000.0,2833.0,1498.0,47.365308,-1.197692,44003160AP0031
2024-04-22,264 ALL DES BLEUETS,44150.0,namas,108.0,5.0,0,210000.0,1944.0,1516.0,47.376106,-1.19096,44003000AO0116
2024-06-25,749 RUE DU VERGER,44150.0,namas,124.0,6.0,1,245000.0,1976.0,1520.0,47.37912,-1.17348,44003000AT0040
2024-06-24,100 ALL DES COQUELICOTS,44150.0,namas,74.0,4.0,0,154000.0,2081.0,1521.0,47.376566,-1.19024,44003000AO0124
2022-05-10,271 RUE DE LA GILARDERIE,44150.0,namas,63.0,3.0,0,245000.0,3889.0,1523.0,47.376764,-1.189905,44003000AO0143
2023-02-16,299 ALL DES CAMELIAS,44150.0,namas,92.0,4.0,0,292000.0,3174.0,1532.0,47.375441,-1.192311,44003000AO0028
2023-02-17,95 ALL DES CAMELIAS,44150.0,namas,90.0,5.0,0,267865.0,2976.0,1536.0,47.37534,-1.192544,44003000AO0026
2025-04-10,124 RUE PAUL-EMILE VICTOR,44150.0,namas,98.0,4.0,0,334900.0,3417.0,1538.0,47.363483,-1.197955,44003160AP0246
2024-08-20,154 RUE DU DRAPEAU,44150.0,namas,77.0,4.0,0,280000.0,3636.0,1555.0,47.370884,-1.197045,44003160AK0100
2024-08-09,53 RUE ALPHONSE DE LAMARTINE,44150.0,namas,88.0,5.0,0,200000.0,2273.0,1556.0,47.379655,-1.180402,44003000AS0127
2025-08-25,71 RUE DES MAITRES,44150.0,namas,85.0,4.0,0,245000.0,2882.0,1556.0,47.370122,-1.197455,44003160AK0213
2025-12-19,169 RUE DU DRAPEAU,44150.0,namas,107.0,4.0,0,250000.0,2336.0,1562.0,47.371392,-1.196828,44003160AK0137
2023-11-08,106 RUE PAUL-EMILE VICTOR,44150.0,namas,102.0,5.0,0,311000.0,3049.0,1562.0,47.363184,-1.198196,44003160AP0235
2023-05-05,206 RUE PAUL-EMILE VICTOR,44150.0,namas,85.0,4.0,0,325000.0,3824.0,1563.0,47.363834,-1.198362,44003160AP0256
2022-03-24,14 RUE DES VIGNES,44150.0,butas,68.0,3.0,1,213000.0,3132.0,1568.0,47.368581,-1.198222,44003160AL0391
2025-10-21,24 RUE DES VIGNES,44150.0,butas,28.0,1.0,1,125000.0,4464.0,1568.0,47.368581,-1.198222,44003160AL0391
2024-09-26,24 RUE DES VIGNES,44150.0,butas,46.0,2.0,1,170000.0,3696.0,1568.0,47.368581,-1.198222,44003160AL0391
2025-07-25,14 RUE DES VIGNES,44150.0,butas,39.0,2.0,1,162000.0,4154.0,1568.0,47.368581,-1.198222,44003160AL0391
2023-06-01,32 RUE DES VIGNES,44150.0,butas,73.0,3.0,1,277000.0,3795.0,1568.0,47.368581,-1.198222,44003160AL0391
2024-12-17,96 RUE ABBE PIERRE CAHIER,44150.0,butas,45.0,4.0,1,180000.0,4000.0,1572.0,47.36846,-1.198311,44003160AL0349
2022-06-03,63 RUE DES MAITRES,44150.0,namas,80.0,3.0,0,145000.0,1812.0,1575.0,47.370231,-1.19767,44003160AK0080
2021-11-25,51 RUE DES MAITRES,44150.0,namas,52.0,3.0,0,159000.0,3058.0,1584.0,47.370166,-1.197822,44003160AK0078
2023-01-18,96 BD DES AIRENNES,44150.0,namas,96.0,4.0,0,320000.0,3333.0,1590.0,47.365974,-1.198922,44003160AL0201
2021-01-15,31 IMP ERIC TABARLY,44150.0,namas,81.0,3.0,0,230000.0,2840.0,1591.0,47.364311,-1.198828,44003160AP0178
2023-02-28,58 RUE ABBE PIERRE CAHIER,44150.0,namas,118.0,5.0,0,357000.0,3025.0,1593.0,47.368096,-1.198692,44003160AL0353
2022-07-20,82 RUE PAUL-EMILE VICTOR,44150.0,namas,122.0,5.0,0,245000.0,2008.0,1593.0,47.363181,-1.198615,44003160AP0228
2022-05-11,47 PL DU PRIEURE,44150.0,namas,80.0,4.0,0,259900.0,3249.0,1598.0,47.369168,-1.198432,44003160AL0022
2024-12-20,74 RUE DU DRAPEAU,44150.0,namas,94.0,5.0,0,220000.0,2340.0,1600.0,47.370656,-1.197799,44003160AK0108
2023-05-17,95 ALL DES MIMOSAS ANCENIS,44150.0,namas,116.0,6.0,0,268000.0,2310.0,1606.0,47.375625,-1.193422,44003000AO0012
2025-03-14,24 IMP ERIC TABARLY,44150.0,namas,121.0,5.0,0,240000.0,1983.0,1611.0,47.364044,-1.199055,44003160AP0176
2022-07-13,119 BD DES AIRENNES,44150.0,namas,73.0,2.0,0,350000.0,4795.0,1613.0,47.365492,-1.199229,44003160AP0016
2021-11-03,52 BREBION,44150.0,namas,76.0,3.0,0,243000.0,3197.0,1614.0,47.362584,-1.198722,44003160AP0049
2022-12-20,188 ALL DES COQUELICOTS,44150.0,namas,71.0,4.0,0,185000.0,2606.0,1617.0,47.377343,-1.190821,44003000AO0129
2021-09-01,42 IMP DU STADE,44150.0,namas,135.0,7.0,1,349000.0,2585.0,1621.0,47.36822,-1.199037,44003160AL0239
2021-11-10,307 RUE DU STADE,44150.0,namas,88.0,5.0,1,256000.0,2909.0,1625.0,47.36653,-1.19936,44003160AL0209
2021-03-24,64 RUE DE LA CHEVASNERIE,44150.0,namas,86.0,2.0,0,93000.0,1081.0,1631.0,47.370307,-1.198423,44003160AK0061
2025-06-26,34 IMP DU STADE,44150.0,namas,80.0,4.0,0,200000.0,2500.0,1635.0,47.368147,-1.199249,44003160AL0237
2021-01-29,44 RUE DE LA CHEVASNERIE,44150.0,namas,86.0,4.0,0,237000.0,2756.0,1637.0,47.370178,-1.198554,44003160AK0057
2024-12-19,86 BREBION,44150.0,namas,62.0,2.0,1,140000.0,2258.0,1639.0,47.362596,-1.199068,44003160AP0054
2025-05-19,173 BD DES AIRENNES,44150.0,namas,88.0,6.0,0,186000.0,2114.0,1660.0,47.365533,-1.199858,44003160AP0013
2021-05-17,53 RUE DE LA CHEVASNERIE,44150.0,namas,80.0,4.0,0,250000.0,3125.0,1668.0,47.370089,-1.199034,44003160AK0040
2023-03-17,51 ALL DES LILAS,44150.0,namas,113.0,6.0,0,390000.0,3451.0,1674.0,47.375878,-1.194306,44003000AO0007
2025-05-21,81 RUE ANDRE CHENIER,44150.0,namas,76.0,3.0,0,210000.0,2763.0,1675.0,47.380634,-1.18147,44003000AS0105
2023-11-15,136 RUE ALFRED DE MUSSET,44150.0,namas,74.0,4.0,0,215000.0,2905.0,1677.0,47.380581,-1.182015,44003000AS0022
2023-04-21,138 ALL DES VIOLETTES,44150.0,namas,82.0,4.0,1,307000.0,3744.0,1679.0,47.377236,-1.192342,44003000AO0104
2024-04-25,118 BREBION,44150.0,namas,50.0,3.0,0,129000.0,2580.0,1684.0,47.362337,-1.199585,44003160AP0061
2022-08-12,132 RUE DE LA CHEVASNERIE,44150.0,namas,123.0,4.0,1,189600.0,1541.0,1689.0,47.370942,-1.198907,44003160AK0124
2023-06-07,40 ALL DES LILAS,44150.0,namas,89.0,4.0,0,210000.0,2360.0,1696.0,47.376349,-1.194045,44003000AO0005
2023-12-20,16 RUE MARIE NOEL,44150.0,namas,67.0,3.0,0,97600.0,1457.0,1703.0,47.379176,-1.188768,44003000AP0214
2025-11-25,117 RUE DE LA CHEVASNERIE,44150.0,namas,52.0,2.0,1,648697.0,12475.0,1712.0,47.370765,-1.199325,44003160AK0033
2024-09-20,32 RUE MARIE NOEL,44150.0,namas,78.0,4.0,0,113500.0,1455.0,1716.0,47.379277,-1.188851,44003000AP0215
2023-12-08,42 RUE MARIE NOEL,44150.0,namas,81.0,4.0,0,118800.0,1467.0,1728.0,47.379376,-1.18891,44003000AP0216
2023-07-10,91 RUE DE LA PETITE MONTAGNE,44150.0,namas,103.0,6.0,0,329500.0,3199.0,1733.0,47.36696,-1.200762,44003160AI0126
2023-12-28,47 RUE TRISTAN CORBIERE,44150.0,namas,78.0,4.0,0,113500.0,1455.0,1739.0,47.379568,-1.188703,44003000AP0208
2023-01-12,181 RUE DU CLOS DES VIGNES,44150.0,namas,96.0,5.0,0,298000.0,3104.0,1741.0,47.377369,-1.193352,44003000BD0108
2023-12-29,50 RUE MARIE NOEL,44150.0,namas,81.0,4.0,0,118800.0,1467.0,1742.0,47.379482,-1.189014,44003000AP0217
2025-09-09,223 BD DE BELLEVUE,44150.0,namas,78.0,5.0,0,190100.0,2437.0,1744.0,47.367176,-1.200876,44003160AI0118
2024-11-25,16 RUE ALFRED DE VIGNY,44150.0,namas,74.0,4.0,0,196000.0,2649.0,1748.0,47.381384,-1.180524,44003000AS0074
2025-08-14,79 RUE DE LA PETITE MONTAGNE,44150.0,namas,67.0,4.0,0,182000.0,2716.0,1755.0,47.36696,-1.201052,44003160AI0127
2025-10-09,863 RUE DU TERTRE,44150.0,namas,152.0,6.0,1,265000.0,1743.0,1762.0,47.381577,-1.179476,44003000AS0090
2024-10-31,127 RUE MARIE NOEL,44150.0,namas,124.0,7.0,0,336200.0,2711.0,1767.0,47.379183,-1.190412,44003000AP0118
2021-04-14,22 IMP JACQUES-YVES COUSTEAU,44150.0,namas,140.0,5.0,0,335000.0,2393.0,1783.0,47.364079,-1.201359,44003160AP0141
2023-09-22,90 PL DU SAUVIGNON,44150.0,namas,73.0,3.0,0,215000.0,2945.0,1786.0,47.377104,-1.19463,44003000BD0124
2024-07-29,317 BD DES AIRENNES,44150.0,namas,98.0,5.0,1,140000.0,1429.0,1792.0,47.365887,-1.201603,44003160AP0130
2024-06-04,276 BD DE BELLEVUE,44150.0,namas,93.0,5.0,0,242000.0,2602.0,1799.0,47.367525,-1.201564,44003160AI0111
2023-07-11,275 RUE ALFRED DE MUSSET,44150.0,namas,95.0,4.0,0,245000.0,2579.0,1802.0,47.381612,-1.182858,44003000AS0007
2025-09-30,230 PL DES VIGNERONS - ANCENIS,44150.0,namas,73.0,4.0,0,252500.0,3459.0,1803.0,47.378483,-1.19269,44003000BD0080
2024-09-04,9002 LA VALLEE,44150.0,namas,130.0,6.0,1,319900.0,2461.0,1810.0,47.36317,-1.201531,44003160AH0150
2022-09-02,303 RUE ALPHONSE DE LAMARTINE,44150.0,namas,74.0,4.0,0,210000.0,2838.0,1816.0,47.382003,-1.180502,44003000AS0079
2024-06-18,32 RUE DE COLOGNE,44150.0,namas,105.0,5.0,0,175000.0,1667.0,1835.0,47.367794,-1.201997,44003160AI0094
2025-08-18,191 RUE MARIE NOEL,44150.0,namas,118.0,5.0,0,300000.0,2542.0,1839.0,47.380085,-1.190047,44003000AP0123
2024-07-03,303 RUE ALFRED DE MUSSET,44150.0,namas,127.0,5.0,0,349000.0,2748.0,1839.0,47.381938,-1.18293,44003000AS0003
2022-06-10,45 LE VERGER,44150.0,namas,310.0,8.0,1,750000.0,2419.0,1845.0,47.381741,-1.171201,44003000AT0065
2024-09-27,23 IMP ANNA DE NOAILLES,44150.0,namas,117.0,5.0,0,290000.0,2479.0,1845.0,47.380668,-1.188605,44003000AP0181
2023-11-02,50 PL VICTOR SEGALEN,44150.0,namas,81.0,4.0,0,95000.0,1173.0,1847.0,47.380561,-1.188987,44003000AP0179
2024-05-02,225 LE VERGER,44150.0,namas,84.0,4.0,0,160000.0,1905.0,1849.0,47.381953,-1.172187,44003000AT0059
2024-10-21,174 PL DES VIGNERONS - ANCENIS,44150.0,namas,73.0,3.0,0,240000.0,3288.0,1849.0,47.378979,-1.19273,44003000BD0082
2024-05-17,477 AV DE L ECOCHERE,44150.0,namas,86.0,5.0,0,230000.0,2674.0,1849.0,47.363414,-1.20211,44003160AH0072
2023-07-21,521 AV DE L ECOCHERE,44150.0,namas,75.0,5.0,0,190000.0,2533.0,1853.0,47.362845,-1.202035,44003160AH0079
2024-10-25,521 AV DE L ECOCHERE,44150.0,namas,75.0,5.0,0,225000.0,3000.0,1853.0,47.362845,-1.202035,44003160AH0079
2021-12-15,1 LA VALLEE,44150.0,namas,36.0,2.0,0,158000.0,4389.0,1854.0,47.362622,-1.201988,44003160AH0077
2021-09-30,61 RTE DE NORT SUR ERDRE,44150.0,namas,110.0,4.0,0,105000.0,955.0,1869.0,47.371778,-1.200991,44003160AC0109
2022-10-13,505 BD JULES VERNE,44150.0,namas,89.0,5.0,0,215000.0,2416.0,1874.0,47.382584,-1.179463,44003000AS0062
2022-10-28,32 RUE EUGENE GUILLEVIC,44150.0,namas,80.0,4.0,0,326000.0,4075.0,1876.0,47.380763,-1.189244,44003000AP0177
2025-03-26,631 BD JULES VERNE,44150.0,namas,77.0,4.0,0,190000.0,2468.0,1878.0,47.382517,-1.181055,44003000AS0056
2023-06-01,437 AV DE L ECOCHERE,44150.0,namas,80.0,4.0,0,292000.0,3650.0,1887.0,47.363511,-1.202646,44003160AH0057
2025-09-08,411 BD DES AIRENNES,44150.0,namas,145.0,6.0,1,250000.0,1724.0,1892.0,47.365976,-1.202934,44003160AH0195
2023-09-21,417 AV DE L ECOCHERE,44150.0,namas,86.0,4.0,1,210000.0,2442.0,1904.0,47.363588,-1.202885,44003160AH0056
2022-08-31,440 AV DE L ECOCHERE,44150.0,namas,82.0,4.0,1,301000.0,3671.0,1913.0,47.363213,-1.202932,44003160AH0084
2025-02-13,72 RUE EUGENE GUILLEVIC,44150.0,namas,117.0,7.0,0,260000.0,2222.0,1914.0,47.381037,-1.189548,44003000AP0175
2024-02-08,446 BD DES AIRENNES,44150.0,namas,89.0,5.0,0,259150.0,2912.0,1924.0,47.366566,-1.203336,44003160AI0157
2021-06-18,202 RUE JEAN COISCAUD,44150.0,namas,80.0,4.0,0,190000.0,2375.0,1925.0,47.364821,-1.203329,44003160AH0156
2025-11-21,671 RUE DE LA GILARDERIE,44150.0,namas,114.0,5.0,0,200000.0,1754.0,1928.0,47.379656,-1.193152,44003000BD0060
2022-11-09,700 BD JULES VERNE,44150.0,namas,137.0,5.0,1,467500.0,3412.0,1943.0,47.383001,-1.182077,44003000AW0024
2021-08-03,426 BD DE BELLEVUE,44150.0,namas,100.0,4.0,1,305100.0,3051.0,1952.0,47.367502,-1.203604,44003160AI0347
2022-03-31,150 ALL SAINTE ANNE,44150.0,namas,110.0,4.0,1,265000.0,2409.0,1956.0,47.383186,-1.181431,44003000AW0036
2024-05-24,720 RUE DE LA GILARDERIE,44150.0,namas,125.0,5.0,1,244000.0,1952.0,1976.0,47.380252,-1.19302,44003000AP0219
2022-01-17,425 AV DU MORTIER,44150.0,namas,57.0,4.0,1,240000.0,4211.0,1985.0,47.368373,-1.203888,44003160AI0073
2024-07-22,62 RUE DE PROVENCE,44150.0,namas,89.0,3.0,1,230000.0,2584.0,2004.0,47.383249,-1.184279,44003000AX0074
2024-10-07,234 RUE JEAN FOLLAIN,44150.0,namas,130.0,7.0,0,320000.0,2462.0,2004.0,47.381318,-1.191286,44003000AP0076
2025-08-25,207 RUE DE COLOGNE,44150.0,namas,108.0,5.0,0,240000.0,2222.0,2009.0,47.367676,-1.204345,44003160AI0182
2021-06-23,190 RUE DE COLOGNE,44150.0,namas,50.0,1.0,0,165000.0,3300.0,2009.0,47.368014,-1.204287,44003160AI0350
2021-03-16,207 RUE DE COLOGNE,44150.0,namas,78.0,5.0,0,210000.0,2692.0,2009.0,47.367676,-1.204345,44003160AI0182
2022-09-30,29 RUE DES OLIVIERS,44150.0,namas,75.0,3.0,0,297500.0,3967.0,2027.0,47.369711,-1.204091,44003160AI0343
2025-02-20,566 BD DES AIRENNES,44150.0,namas,65.0,2.0,1,160000.0,2462.0,2050.0,47.366871,-1.204977,44003160AI0196
2022-09-14,248 RUE DE PROVENCE,44150.0,namas,108.0,5.0,0,310000.0,2870.0,2068.0,47.383508,-1.186063,44003000AX0052
2021-09-02,90 RUE DE CARTHAGE,44150.0,namas,104.0,4.0,0,290000.0,2788.0,2070.0,47.367501,-1.205181,44003160AI0200
2024-10-22,309 RUE DU CLOS MARTIN,44150.0,namas,68.0,4.0,0,224000.0,3294.0,2085.0,47.369655,-1.204896,44003160AI0045
2023-06-02,150 RUE JEAN MAZUET,44150.0,namas,144.0,5.0,0,410000.0,2847.0,2097.0,47.38136,-1.193481,44003000AP0043
2024-07-29,544 AV DU MORTIER,44150.0,namas,91.0,4.0,0,180000.0,1978.0,2110.0,47.368511,-1.20554,44003160AI0039
2024-07-03,218 RUE DE PROVENCE,44150.0,namas,148.0,7.0,0,350000.0,2365.0,2114.0,47.383921,-1.186169,44003000AX0054
2024-12-13,51 IMP DES RAMEES,44150.0,namas,92.0,6.0,1,275000.0,2989.0,2120.0,47.368884,-1.205577,44003160AI0041
2025-01-29,631 BD DES AIRENNES,44150.0,namas,120.0,7.0,0,260000.0,2167.0,2125.0,47.366347,-1.206006,44003160AH0206
2022-09-16,54 AV DE LA ROUGEAUDIERE,44150.0,namas,63.0,4.0,1,305000.0,4841.0,2151.0,47.368898,-1.205996,44003160AI0023
2025-08-01,70 IMP DU LIMOUSIN,44150.0,namas,80.0,4.0,0,280000.0,3500.0,2174.0,47.382897,-1.191728,44003000AY0077
2023-09-29,271 RUE DE L HERMITAGE,44150.0,namas,145.0,5.0,1,350000.0,2414.0,2182.0,47.385335,-1.180034,44003000AW0008
2023-06-19,698 BD DES AIRENNES,44150.0,namas,110.0,6.0,0,275000.0,2500.0,2188.0,47.367026,-1.206795,44003160AI0222
2021-07-26,39 AV DE LA ROUGEAUDIERE,44150.0,namas,63.0,4.0,1,166000.0,2635.0,2206.0,47.368686,-1.206778,44003160AI0354
2024-12-13,184 RUE VICTOR HUGO,44150.0,namas,79.0,3.0,0,170200.0,2154.0,2211.0,47.367626,-1.207044,44003160AI0359
2022-07-28,154 IMP JEAN MAZUET,44150.0,namas,70.0,3.0,0,240000.0,3429.0,2212.0,47.38199,-1.194823,44003000AP0008
2025-07-11,34 AV DE L ECOCHERE,44150.0,namas,126.0,5.0,0,385000.0,3056.0,2242.0,47.366475,-1.20756,44003160AH0131
2022-04-20,161 RUE MAURICE RAVEL,44150.0,namas,90.0,3.0,0,310000.0,3444.0,2248.0,47.365973,-1.207651,44003160AH0141
2021-06-08,159 AV DE LA ROUGEAUDIERE,44150.0,namas,75.0,5.0,1,182000.0,2427.0,2263.0,47.369103,-1.20745,44003160AI0352
2021-06-08,159 AV DE LA ROUGEAUDIERE,44150.0,namas,75.0,5.0,1,200000.0,2667.0,2263.0,47.369103,-1.20745,44003160AI0352
2022-08-22,66 RUE DE L ANGOUMOIS,44150.0,namas,123.0,4.0,1,425000.0,3455.0,2274.0,47.383895,-1.191796,44003000AY0091
2024-12-26,229 AV DE LA ROUGEAUDIERE,44150.0,namas,70.0,5.0,0,170000.0,2429.0,2275.0,47.368794,-1.207682,44003160AI0031
2024-12-13,98 IMP JEAN MAZUET,44150.0,namas,78.0,4.0,0,230000.0,2949.0,2277.0,47.382476,-1.1953,44003000AP0003
2023-04-27,103 RUE CHOPIN,44150.0,namas,185.0,7.0,0,425000.0,2297.0,2291.0,47.366011,-1.208218,44003160AH0134
2021-09-21,120 RUE DE L ORGERIE,44150.0,namas,90.0,4.0,1,340000.0,3778.0,2314.0,47.367296,-1.208447,44003160AE0060
2024-11-26,767 AV DU MORTIER,44150.0,namas,66.0,4.0,0,150000.0,2273.0,2329.0,47.368285,-1.208502,44003160AE0052
2022-11-29,213 RUE DU MAINE,44150.0,namas,170.0,7.0,0,445000.0,2618.0,2341.0,47.38502,-1.190405,44003000AY0134
2025-08-04,194 RUE DE TOURAINE,44150.0,namas,140.0,6.0,0,430000.0,3071.0,2367.0,47.385698,-1.188857,44003000AX0138
2023-10-10,42 RUE DU LANGUEDOC,44150.0,namas,130.0,7.0,0,282500.0,2173.0,2378.0,47.383572,-1.195306,44003000AY0038
2022-11-02,293 AV DE NORMANDIE,44150.0,namas,90.0,4.0,0,240000.0,2667.0,2398.0,47.385177,-1.191689,44003000AY0149
2023-09-26,45 AV DU ROUSSILLON,44150.0,namas,99.0,4.0,0,324000.0,3273.0,2420.0,47.385194,-1.192298,44003000AY0105
2024-02-02,35 IMP DU PERIGORD,44150.0,namas,81.0,4.0,0,225000.0,2778.0,2420.0,47.384832,-1.193318,44003000AY0111
2025-03-29,135 RUE DU BEARN,44150.0,namas,90.0,4.0,1,315000.0,3500.0,2428.0,47.383927,-1.195717,44003000AY0043
2023-03-31,865 AV DU MORTIER,44150.0,namas,89.0,3.0,0,251000.0,2820.0,2429.0,47.368536,-1.209796,44003160AE0146
2023-08-25,120 RUE HECTOR BERLIOZ,44150.0,namas,107.0,5.0,0,385000.0,3598.0,2433.0,47.36545,-1.210104,44003160AE0177
2024-05-21,112 RUE DU BEARN,44150.0,namas,91.0,5.0,0,195000.0,2143.0,2440.0,47.384209,-1.195377,44003000AY0022
2025-11-03,128 RUE DE LA CLAIRIERE,44150.0,namas,102.0,3.0,0,275000.0,2696.0,2442.0,47.367934,-1.210072,44003160AE0140
2022-01-14,882 AV DU MORTIER,44150.0,namas,82.0,4.0,0,228000.0,2780.0,2443.0,47.368861,-1.209924,44003160AE0224
2022-04-15,116 RUE DE LA SOURCE,44150.0,namas,87.0,6.0,0,267000.0,3069.0,2461.0,47.367674,-1.210365,44003160AE0028
2023-10-27,75 RUE DE LA SOURCE,44150.0,namas,119.0,8.0,0,330000.0,2773.0,2462.0,47.368148,-1.210306,44003160AE0025
2025-08-20,20 AV DU ROUSSILLON,44150.0,namas,137.0,5.0,0,190000.0,1387.0,2472.0,47.385762,-1.192171,44003000AZ0153
2025-09-05,1006 BD DES AIRENNES,44150.0,namas,85.0,4.0,0,225000.0,2647.0,2472.0,47.367464,-1.210535,44003160AE0272
2023-07-17,23 VEN DES NEFLIERS,44150.0,namas,71.0,3.0,0,272000.0,3831.0,2478.0,47.382588,-1.199391,44003000BD0008
2024-12-09,1020 BD DES AIRENNES,44150.0,namas,99.0,4.0,0,257000.0,2596.0,2485.0,47.367365,-1.21071,44003160AE0271
2023-02-13,100 RUE DE LA SOURCE,44150.0,namas,75.0,4.0,0,204750.0,2730.0,2491.0,47.367718,-1.21075,44003160AE0030
2024-08-30,LES BRULIS,44150.0,namas,107.0,4.0,0,375000.0,3505.0,2509.0,47.363227,-1.210896,44003160AR0189
2024-01-05,54 IMP DE LA RAGOTIERE,44150.0,namas,115.0,6.0,0,311500.0,2709.0,2513.0,47.36651,-1.211158,44003160AE0105
2021-03-18,31 LES BRULIS,44150.0,namas,65.0,2.0,0,120000.0,1846.0,2520.0,47.363051,-1.211022,44003160AR0027
2023-08-11,89 RUE DE LA RAGOTIERE,44150.0,namas,100.0,5.0,0,235000.0,2350.0,2523.0,47.367769,-1.211171,44003160AE0269
2025-12-04,38 RUE DU DOUBS,44150.0,namas,121.0,5.0,0,280000.0,2314.0,2536.0,47.38639,-1.192201,44003000AZ0169
2025-06-30,390 AV DU ROUSSILLON,44150.0,namas,82.0,4.0,0,267000.0,3256.0,2561.0,47.384875,-1.196796,44003000AZ0095
2025-03-14,129 RUE D ARMOR,44150.0,namas,131.0,4.0,0,346000.0,2641.0,2578.0,47.386815,-1.192171,44003000AZ0164
2023-06-23,466 RUE DE LA BLORDIERE,44150.0,namas,94.0,4.0,0,355000.0,3777.0,2584.0,47.384935,-1.197218,44003000AZ0094
2025-06-24,132 RUE DU VERCORS,44150.0,namas,108.0,4.0,0,269000.0,2491.0,2589.0,47.385696,-1.195594,44003000AZ0108
2024-09-16,66 AV DU BEL ORIENT,44150.0,namas,88.0,5.0,0,206535.0,2347.0,2593.0,47.366755,-1.212198,44003160AE0126
2025-07-31,124 RUE DU DOUBS,44150.0,namas,130.0,6.0,0,385420.0,2965.0,2605.0,47.386949,-1.192595,44003000AZ0162
2024-04-08,27 VEN DES AUBEPINES,44150.0,namas,127.0,5.0,1,316000.0,2488.0,2640.0,47.383509,-1.201099,44003000AZ0039
2023-08-29,49 VEN DES AUBEPINES,44150.0,namas,136.0,6.0,1,390240.0,2869.0,2659.0,47.383682,-1.20119,44003000AZ0041
2022-11-04,57 VEN DES CORNOUILLERS,44150.0,namas,85.0,4.0,1,335000.0,3941.0,2660.0,47.383223,-1.201952,44003000AZ0028
2023-08-28,56 VEN DES CORNOUILLERS,44150.0,namas,86.0,4.0,0,250000.0,2907.0,2663.0,47.383526,-1.20154,44003000AZ0031
2024-09-20,57 VEN DES HOUX,44150.0,namas,109.0,6.0,0,260000.0,2385.0,2671.0,47.382863,-1.202723,44003000AZ0008
2024-06-26,570 RUE DU CHARDONNET - ANCENIS,44150.0,namas,95.0,3.0,0,285000.0,3000.0,2671.0,47.382635,-1.203054,44003000AZ0001
2024-01-31,55 IMP DES ECRINS,44150.0,namas,100.0,5.0,1,580000.0,5800.0,2675.0,47.385347,-1.19845,44003000AZ0064
2022-08-05,1258 BD DES AIRENNES,44150.0,namas,212.0,5.0,0,350000.0,1651.0,2793.0,47.367747,-1.214771,44003160AE0195
2022-08-05,1272 BD DES AIRENNES,44150.0,namas,85.0,3.0,0,215930.0,2540.0,2812.0,47.367778,-1.215021,44003160AE0196
2021-09-08,1280 BD DES AIRENNES,44150.0,namas,80.0,4.0,0,176000.0,2200.0,2823.0,47.367764,-1.215167,44003160AE0197
2023-09-29,50 RUE DE LA PERROUINIERE,44150.0,namas,102.0,3.0,0,367500.0,3603.0,2854.0,47.388815,-1.194477,44003000BA0029
2022-05-11,86 L AUBINIERE,44150.0,namas,65.0,2.0,1,138000.0,2123.0,3075.0,47.392514,-1.188154,440030000H0086
2023-08-01,297 LE CHENE GUERIN,44150.0,namas,122.0,7.0,1,105000.0,861.0,3092.0,47.378044,-1.214644,440031600B0572
2024-03-22,207 LE CHENE GUERIN,44150.0,namas,55.0,1.0,1,100000.0,1818.0,3101.0,47.378219,-1.21464,440031600B0705
2021-01-07,9003 L AUBINIERE,44150.0,namas,100.0,4.0,0,142000.0,1420.0,3102.0,47.39316,-1.185546,440030000H0182
2024-10-16,5286 LES PIERRES MESLIERES,44150.0,namas,117.0,6.0,0,260000.0,2222.0,3293.0,47.361875,-1.221132,440031600D1130
2022-10-04,5516 LA DUGUENIERE ST GEREON,44150.0,namas,112.0,3.0,1,170000.0,1518.0,3343.0,47.380905,-1.216154,44003160ZB0047
2023-07-13,169 LA ROBINIERE,44150.0,namas,50.0,2.0,1,158000.0,3160.0,3541.0,47.367388,-1.22475,440031600D0238
2022-10-28,143 LA ROBINIERE,44150.0,namas,110.0,4.0,1,219000.0,1991.0,3561.0,47.367516,-1.225001,440031600D1126
2024-03-21,142 LE LANDREAU,44150.0,namas,72.0,2.0,1,145000.0,2014.0,3732.0,47.37296,-1.226188,44003160ZD0148
2024-10-29,9002 LA GUERE,44150.0,namas,102.0,3.0,0,350000.0,3431.0,3773.0,47.388416,-1.215099,440030000A0111
2025-12-23,LA POUSSEMOTIERE,44150.0,namas,120.0,4.0,0,157500.0,1312.0,4052.0,47.402185,-1.178673,44003000ZE0182
2023-09-22,30 LES FRESNES,44150.0,namas,107.0,5.0,0,337000.0,3150.0,4084.0,47.385717,-1.223316,440031600B0846
2023-07-26,307 RUE DE LA SINANDIERE,44150.0,namas,124.0,5.0,0,190000.0,1532.0,4265.0,47.40078,-1.200867,44003000ZA0123
2023-08-10,191 RUE DE LA SINANDIERE,44150.0,namas,99.0,4.0,0,195000.0,1970.0,4296.0,47.401434,-1.199662,44003000ZA0029
2024-11-25,9002 ILE KERGUELIN,44150.0,namas,48.0,3.0,0,490000.0,10208.0,4546.0,47.369756,-1.117829,440030000Y0057
